id,Full Name,Gender,Amount,Car
1,Minnnie Rean,male,15484.5,Jeep
2,Ursa Torricella,female,13443.3,Saturn
3,Joyann Pirolini,male,9095.6,Ram
4,Sharl Ridsdell,female,11871.6,Dodge
5,Laurence Jovasevic,male,13459.8,Chrysler
6,Sheree Keightley,male,1628,Cadillac
7,Tully Collymore,female,1026.5,Pontiac
8,Latrena Bachura,non-binary,448.4,Nissan
9,Patience Burdge,male,8240,Lexus
10,Kelsey Peer,male,6031.9,Volkswagen
11,Alon Alves,female,4983.2,Suzuki
12,Cori Wilshire,male,341.3,Kia
13,Kylen Samarth,male,3806.6,Mercury
14,Cammy Labrom,male,299.5,Audi
15,Zara Dallman,female,13750.3,Nissan
16,Sybille Goundrill,female,3106.4,Bugatti
17,Bab Knath,female,10192.8,BMW
18,Emmerich Deavin,female,8102,Mazda
19,Amelia Batters,male,8214.5,GMC
20,Maggy Sturror,male,3549.5,Ford
21,Roberta Cars,non-binary,12238.6,BMW
22,Manolo Slemming,female,11519.2,Pontiac
23,Dedie Copnell,female,6837.2,Dodge
24,Pancho McKeaney,female,13096.7,Mercedes-Benz
25,Yelena Matussevich,female,4978.8,Land Rover
26,Foster McBoyle,female,3446.8,Ford
27,Karalee Doree,non-binary,8445.4,BMW
28,Chas Syme,male,18681.6,Chevrolet
29,Cori Kollatsch,female,4054.2,Kia
30,Gualterio Gridon,female,17236.2,Toyota
31,Leupold Westberg,male,478.9,Honda
32,Rudyard Deaconson,male,4695.6,Ford
33,Esma Franckton,male,5702.7,GMC
34,Johannah Tabard,male,12131.4,Mazda
35,Tera Ewbanche,female,11088.5,Subaru
36,Darbie Dantesia,male,8169.2,Oldsmobile
37,Idalina Nerheny,female,19927.9,Chevrolet
38,Joli Piscopello,male,5993.5,Subaru
39,Richardo Mazzeo,male,6228.7,MINI
40,Marsh Jentin,male,7138.2,Ford
41,Culver Grigoliis,male,17181.5,Nissan
42,Alanna Swansborough,male,6264.8,Subaru
43,Ferris Goodsall,male,17220.9,MINI
44,Weber Ivakhno,female,1216.8,Chevrolet
45,Llywellyn Godsmark,male,15735.2,Pontiac
46,Danit Vanyakin,male,12751.5,Chevrolet
47,Ketty Carriage,male,11773.9,GMC
48,Emelia Beccles,male,3903.2,Mazda
49,Rhonda Borth,male,6547,Toyota
50,Gussi Burd,male,18176.4,Nissan
51,Brigit Fairbridge,non-binary,15617.8,Ford
52,Fraze Gimblett,female,11097.3,Lincoln
53,Dirk Rickertsen,non-binary,8161.9,Ford
54,Eulalie Cowlishaw,male,8583.3,Subaru
55,Bail Stutter,male,19911.4,Ford
56,Michele Boothe,female,12345.5,Saturn
57,Marlane Dartnell,male,15965.2,Pontiac
58,Tamar Bettley,female,7917.1,Volkswagen
59,Hugh Goodwell,male,13940.4,Mazda
60,Chalmers Blackshaw,female,8581.5,Pontiac
61,Gui Sinnatt,female,17467,Mitsubishi
62,Ofilia Northfield,male,5876.2,Chevrolet
63,Netta Mulhill,female,15454.9,Subaru
64,Guntar Readmire,male,595.9,Mazda
65,Kev Panton,male,1023.5,Isuzu
66,Cleopatra MacColgan,male,2112.9,Chrysler
67,Nady Stilgoe,male,3683.3,Chevrolet
68,Ingeberg Harcourt,female,13461.3,Saturn
69,Maud Tredwell,male,13094.2,Infiniti
70,Rouvin Smartman,female,2473.2,Cadillac
71,Florette Gratten,male,19234.1,Mercedes-Benz
72,Velma Summersett,female,18540.7,Eagle
73,Maddy Boyford,male,19811.7,Saab
74,Sloane Maudling,female,3779.8,GMC
75,Phylis Aurelius,female,9586.3,Buick
76,Montague Ullock,non-binary,17473.9,Mazda
77,Hendrika McGeady,female,17415.4,Volvo
78,Derry Scales,male,6810.6,GMC
79,Mellisa Keuntje,male,18597.8,Infiniti
80,Tyson Strowlger,female,6168.8,GMC
81,Isabelle Dilworth,female,17474.5,Lotus
82,Darelle Glandon,female,6222.3,Lexus
83,Joshuah Haveline,male,11211.2,Maserati
84,Dolorita Keast,male,19621.7,GMC
85,Nanci Hanson,female,9931.9,Jensen
86,Johnath Rosenshine,female,11329.3,Mercedes-Benz
87,Silvain Gotch,male,16783.8,BMW
88,Mathew Rodgers,female,7035.7,Ford
89,Jill Nacey,male,17071.5,Hyundai
90,Kellia Rattenbury,male,7587.3,Mitsubishi
91,Ferdinand Lucchi,female,5170.3,Toyota
92,Parnell Halesworth,female,400.9,Nissan
93,Estele Lacrouts,female,10214.3,Mitsubishi
94,Minerva Andrioli,male,2528.7,Dodge
95,Liva Godsmark,non-binary,10801.5,Kia
96,Myer Daysh,female,2555.4,Isuzu
97,Onfre Hulson,male,3609.8,Ford
98,Caresa Hoffman,male,10834.2,Cadillac
99,Oona L' Estrange,male,14425.1,Ford
100,Salome Paprotny,female,15908.8,BMW
101,Quint Seath,male,14534.5,Hyundai
102,Brad Skill,male,8505.5,BMW
103,Klarika Antyshev,male,15446.8,Maybach
104,Janka Punyer,male,3412,Ford
105,Tadeas Crawley,female,17259.4,Chrysler
106,Rhianna Mardee,male,11836.7,Lexus
107,Perla Jeary,non-binary,15209.2,Corbin
108,Chancey Stainsby,male,14710.9,Volvo
109,Minor Berendsen,male,355.3,Dodge
110,Shaine Scotford,female,18814.1,Chevrolet
111,Ignacius Arran,male,10877.5,Saab
112,Ferrell Zoren,male,2172.1,Ford
113,Halley Peggram,male,11309,Kia
114,Ossie Vyel,non-binary,3953,GMC
115,Rubi Acres,male,13376.9,Acura
116,Betti Vickars,male,19812,Acura
117,Edita Coyett,female,13752.8,Nissan
118,Ches Towriss,male,1224.4,Ford
119,Paquito Espino,female,6683.7,BMW
120,Kameko Lotze,female,16998.4,Jeep
121,Trueman Pinwill,female,4472.4,Audi
122,Angy Maffei,male,1896.3,Chevrolet
123,Quinn Hammell,male,14068.1,Chevrolet
124,Leonore Dunning,female,696.1,Ferrari
125,Binky Vye,male,12479.9,Toyota
126,Yul Galier,female,16785.1,Dodge
127,Faustina Allsup,female,12517.1,Chrysler
128,Frasier Grieg,female,11768.6,Plymouth
129,Janifer Edling,female,11671.2,Land Rover
130,Andy Evison,male,1323,Pontiac
131,Seamus Haddow,male,18411.1,Studebaker
132,Brianna Pattini,female,1414.2,Toyota
133,Vanny Coldman,non-binary,7090.2,Audi
134,Teressa Walles,male,10151.4,Nissan
135,Benni Vine,female,13318.3,Cadillac
136,Wheeler Ivantsov,female,3469.3,Jaguar
137,Iormina Gibbings,female,6260.6,BMW
138,Frazier Sarle,non-binary,12012.9,Infiniti
139,Philipa Fosdike,male,5019.1,Audi
140,Solly Runnacles,female,12474.8,Ford
141,Maurene Houtbie,male,5661.6,Buick
142,Sam Goulbourne,male,6409.5,Chevrolet
143,Cary Grim,male,12644.9,Rolls-Royce
144,Brant McGarvie,female,6644.6,Dodge
145,Finlay Olford,male,2405.5,Aston Martin
146,Olimpia Python,male,13989.5,Chevrolet
147,Keary Balam,female,10065.3,Dodge
148,Gretta Jovanovic,male,1133.5,Lincoln
149,Quillan Lunt,female,11529.2,Dodge
150,Luigi Rivelon,male,13713.4,Toyota
151,Sadye Shevell,non-binary,10015.1,BMW
152,Francesco Lockwood,male,1558.7,Plymouth
153,Clari Manchett,female,9371.4,Volkswagen
154,Rosmunda Juzek,male,9233.1,Dodge
155,Durward Curedell,non-binary,2111.3,Saab
156,Rosalinda Radnedge,male,8072.3,Subaru
157,Anette Maccaig,female,6966.4,Ford
158,Marcie Sharnock,male,16733.8,Maybach
159,Muffin Whitehurst,non-binary,5652.2,Nissan
160,Robbin Tredgold,female,19726.2,BMW
161,Huey Saladino,male,14282,Mercedes-Benz
162,Lin Whitloe,female,1393.2,Dodge
163,Waly Thorby,male,11887.4,Lexus
164,Gearalt Griston,male,7129.5,Lincoln
165,Nerty Godber,female,2549.9,Isuzu
166,Sheena Espinazo,female,17861.7,Ford
167,Patton Barnwell,male,7440.1,Merkur
168,Moritz Barnet,female,14774.9,Ford
169,Irina Ickovits,female,665.7,Mercedes-Benz
170,Terrence Llop,male,16276,Buick
171,Sephira McAdam,male,4115.6,Citroën
172,Alexandrina Thunderman,non-binary,12183.5,Ford
173,Kaitlin Champe,female,8456.2,Kia
174,Jameson Karlowicz,female,13973.4,Ford
175,Wilhelmina O'Rafferty,male,18621.8,Audi
176,Bartholemy Bannester,female,15163.9,Daewoo
177,Artair Bather,female,6770.9,BMW
178,Carolin Skala,female,15.3,Honda
179,Rich Kausche,non-binary,15502.1,Mazda
180,Yetta Scintsbury,non-binary,668.6,Saab
181,Amy Stadding,male,6383.2,Saturn
182,Mireielle Itzkin,female,16706.1,Mitsubishi
183,Kippie Danev,female,1689.3,GMC
184,Nehemiah Rendall,non-binary,1106.4,Honda
185,Erik Otton,female,6455.3,Volvo
186,Gill Karlolczak,female,15138.6,Plymouth
187,Ashil Skaife d'Ingerthorpe,non-binary,8120.8,Mazda
188,Gayla Havercroft,male,3625.3,Dodge
189,Rianon Deener,male,6452.5,Mitsubishi
190,Tybalt Creaney,male,8605.6,Toyota
191,Hortense Gadie,female,16351.7,Dodge
192,Fee Oblein,female,876,Audi
193,Augusta Merfin,male,5576.2,Lexus
194,Marthe Mansbridge,female,16302.2,Ford
195,Chiquia Muskett,male,432.1,Tesla
196,Currie Betteson,female,2392.3,Ford
197,Selby Staveley,female,199.4,Suzuki
198,Elsbeth Le Strange,non-binary,11942.5,Porsche
199,Courtnay Sweetman,female,5059.8,Dodge
200,Dominga Dudenie,female,3383.3,Toyota
201,Faulkner Wakley,female,11036.4,Mitsubishi
202,Rodolphe Boughen,male,15302.9,Dodge
203,Lulu Drinnan,male,9061.5,Ford
204,Hyatt Tolle,male,1073.8,Chevrolet
205,Ali Easton,female,19682.7,Volkswagen
206,Christopher Pengilley,male,15786.1,Mercedes-Benz
207,Maxwell Nickless,female,7867.4,Toyota
208,Isadore O'Crotty,female,30.7,Ford
209,Barbe Sacco,female,12716.6,Mercedes-Benz
210,Clarabelle Osbourn,male,7816.9,Chevrolet
211,Andreas Shoubridge,female,16105.6,Ford
212,Jill McGettrick,non-binary,10982.9,Acura
213,Algernon Skipton,female,7439.3,BMW
214,Harry Skarman,female,2712,GMC
215,Ben Dymoke,female,4060.2,Scion
216,Alvina Itzchaki,female,2594.6,Porsche
217,Giulietta Martinyuk,female,7535.1,Toyota
218,Sharron Kneale,male,3042.1,Mitsubishi
219,Toiboid Climance,female,14362.2,Toyota
220,Becka de Bullion,female,2667.7,Volkswagen
221,Craggy Dutch,female,4736.8,GMC
222,Baily Woolfoot,female,15682.1,Pontiac
223,Hynda Woltering,male,17622.7,Dodge
224,Warren Zanolli,male,3738.9,Hyundai
225,Delia Gippes,female,7429.8,Suzuki
226,Alex Dulson,female,724.6,Land Rover
227,Augusta Elkins,non-binary,9495.1,Land Rover
228,Faunie Statefield,female,12307.6,Mazda
229,Wolf Oattes,male,19654.2,Lexus
230,Reine Standbrooke,male,5758.1,Pontiac
231,Britt Sartin,male,1672.7,Pontiac
232,Welbie Doll,male,19650.8,Honda
233,Mirna Teesdale,female,4487.1,Chevrolet
234,Halimeda Franceschi,non-binary,9007.6,Toyota
235,Merrill Perrin,non-binary,2807.3,Chrysler
236,Beauregard Whales,male,17129,Audi
237,Farlee Coupland,non-binary,5049.1,Mercedes-Benz
238,Audie Ledekker,female,13381.2,BMW
239,Melitta Tregido,male,10820.4,Pontiac
240,Catlee Reicharz,male,17607.5,Ford
241,Guss Beadles,female,713.4,Chrysler
242,Christa Pirolini,female,19591.8,Lincoln
243,Torin Hanaford,male,19282,Volvo
244,Tristam Crang,female,7908.6,Toyota
245,Dante Harnor,female,275.8,Toyota
246,Christabel Styles,non-binary,2742.4,Dodge
247,Oriana Lauchlan,male,16240.7,Mercury
248,Cherry Leedes,male,7372.7,Volvo
249,Powell Ciciari,female,13287.8,Volkswagen
250,Hyacinthe Fortun,male,354.3,Chevrolet
251,Lucretia Thick,male,12729.1,BMW
252,Wang Burnham,female,15354.7,Jaguar
253,Rozalie Cajkler,female,8215.9,Geo
254,Jefferson Slafford,male,10230.5,Chevrolet
255,Daisi Smieton,non-binary,875.1,Buick
256,Laurette Ormistone,male,18573.1,Ford
257,Pieter Cumbers,female,15103.9,Audi
258,Alphonso Toth,male,19821.1,Pontiac
259,Orland Oake,female,15210.8,Ford
260,Lind Bulter,female,1558.5,Chevrolet
261,Anetta Liddon,female,11802,Mitsubishi
262,Jeri Klimontovich,non-binary,6958.4,GMC
263,Randy Geering,male,2795.1,Chevrolet
264,Clyve Casper,male,4108.8,Volvo
265,Faun Danbury,male,6406.8,Honda
266,Trenna Kener,non-binary,15704.1,Aston Martin
267,Merle Breslin,female,7985.7,Chevrolet
268,Julio Pratchett,male,4044.6,Lexus
269,Eryn Colling,male,13070.7,Honda
270,Bert Kalb,male,18537,Toyota
271,Khalil Pedler,non-binary,15563.8,GMC
272,Robb Aldiss,male,9366.8,Dodge
273,Kristo Anscott,female,8820.7,Cadillac
274,Merrile McClarence,female,19491.8,Ford
275,Pen Gayther,male,17527.1,Mercedes-Benz
276,Therese Diche,male,14387.9,Hyundai
277,Kitti Harbert,male,8761.6,Nissan
278,Panchito Ibel,male,9747.6,Chrysler
279,Lucian Chantrell,female,15154,Chevrolet
280,Martguerita Galler,female,17991.1,Chevrolet
281,Perl Piller,female,596.7,Honda
282,Rolfe Ayerst,female,10452.5,Audi
283,Arni Tratton,female,1960.5,Isuzu
284,Fergus Guidetti,male,18376.3,Audi
285,Hildegaard Shill,male,3800.3,Mercedes-Benz
286,Linda Whear,female,5891.8,Toyota
287,Rad Wein,male,2144,Audi
288,Blair Golder,male,7208.1,Maybach
289,Brandtr Toynbee,male,505.7,Acura
290,Cad Seak,female,3320.5,Kia
291,Emmalynn Pidgley,female,17988.2,Ford
292,Minette Germaine,male,3283.5,GMC
293,Tiffi Ciabatteri,female,4431.7,Mercedes-Benz
294,Sigvard Cotterill,female,9925.3,Lexus
295,Orv Gaynesford,male,17171.1,Lincoln
296,Des Tams,female,3112.4,Ford
297,Valaria Sparkwill,female,7786.1,Honda
298,Jillian Yorath,female,18466.7,Chrysler
299,Corinne Scimoni,female,9296.7,Ford
300,Jocelyn Rivalland,female,9335.2,Hyundai
301,Violette Giacomi,female,13923.4,Audi
302,Caitrin Olenchenko,male,821.2,Chevrolet
303,Rasia Clausen-Thue,male,10133,Toyota
304,Audrie Petran,male,8095.3,Volkswagen
305,Tait Matzkaitis,male,11328.6,Plymouth
306,Dov Maddock,male,11283.8,Acura
307,Angil Vogeller,female,15901,Volvo
308,Giulia Hoodspeth,female,2235.1,Pontiac
309,Isidoro Pagel,male,7476,BMW
310,Leela Gisbourn,female,19926.8,Honda
311,Rosalie Staff,male,14142.8,Chrysler
312,Nathalia Frail,female,11377.9,Pontiac
313,Rhoda Simkin,male,186.3,Mitsubishi
314,Ynes Waadenburg,female,1733.3,Chevrolet
315,Ollie Darcey,female,17506.6,Mazda
316,Shoshana Crighton,male,9421.6,Ford
317,Roby Setchfield,non-binary,864.5,Hyundai
318,Kenneth Fabri,male,5622.1,Oldsmobile
319,Delly Fysh,male,5137.9,Isuzu
320,Reinaldos Graham,female,19840.3,Toyota
321,Dillon Jose,male,18013.8,Infiniti
322,Mari Prendiville,female,16703.7,Ford
323,Creigh Hartill,male,6151.3,Dodge
324,Fons Rushmare,female,74.3,Toyota
325,Abraham Keatch,female,12235.9,Chevrolet
326,Kayla Elsworth,female,12168,Mazda
327,Almeria Keely,male,9241.1,Porsche
328,Bertrand Keohane,non-binary,3872.5,Volkswagen
329,Alleen Brettel,male,2730.3,Mercedes-Benz
330,Neron Huby,female,4732.3,Mercury
331,Minerva Heinish,non-binary,11482.9,Mitsubishi
332,Gerardo Klimshuk,male,3600.5,Honda
333,Silvan Stoneley,female,9277.5,Lincoln
334,Ermin Aleksankin,female,3183.1,GMC
335,Aymer MacCague,male,14851.4,Ford
336,Madelene Triggel,female,16817.3,Pontiac
337,Cazzie Lamberteschi,female,13994.2,Audi
338,Filberte Fosdike,female,11580,Mercedes-Benz
339,Nixie Cawdell,female,11927.4,Porsche
340,Mackenzie Canape,male,6253.9,Buick
341,Tonnie Chopy,male,6707.4,BMW
342,Jana Nicolls,female,19367.2,Volvo
343,Simone Siuda,female,2461.2,Ford
344,Merrill Cockrell,male,4736.4,Mercedes-Benz
345,Adriena Munson,male,17649.6,Oldsmobile
346,Sybyl Deave,female,16782.5,Hyundai
347,Adeline Yakebowitch,male,12414.8,BMW
348,Lyndy Baldrey,female,1470.4,Subaru
349,Baron Adriano,male,7872.7,Pontiac
350,Karlie Simonyi,male,3728.4,Nissan
351,Lynnette Bettleson,female,11292.7,Ford
352,Xena Belchamp,female,7781.9,Scion
353,Lethia McArthur,female,7390.3,Chevrolet
354,Renato Pearn,male,11852.2,Toyota
355,Cyndie McCullouch,female,5928.2,Porsche
356,Creigh Korneluk,female,9161.6,Mercury
357,Bellanca Kilmaster,female,14056.9,Ford
358,Dov Bratley,male,13501.8,Dodge
359,Hamlen Wallbridge,male,15930.3,GMC
360,Luella Ofer,male,14097.5,Mazda
361,Kara Kennsley,male,4793.2,Jeep
362,Lil Scintsbury,female,8478.5,Audi
363,Mellicent Bromfield,male,17951.9,BMW
364,Anjanette Yakunchikov,female,1750.6,Pontiac
365,Elsinore Vibert,male,3390.5,Chevrolet
366,Teirtza Gallagher,female,4602.5,Mercedes-Benz
367,Lesya Drowsfield,non-binary,16283.9,Ford
368,Kirbee Hanrott,female,19126.2,Saab
369,Cynde Claworth,male,19766.9,Land Rover
370,Sarah Aisman,male,13793.4,Mercury
371,Ripley Smurfitt,female,13660.5,BMW
372,Abbey Seely,male,11958.2,Honda
373,Ellene Moakes,male,2545.6,Chevrolet
374,Juliann Loudiane,female,6767.1,Lexus
375,Valaria Stormouth,female,15529.6,Honda
376,Alexia Neward,male,10370,Mercedes-Benz
377,Shepard Hudless,male,4292.5,Maserati
378,Roldan Battey,male,12026.9,Nissan
379,Ronna Currall,non-binary,8900.7,Hummer
380,Jolie Butters,male,4712.5,Saturn
381,Ardra Scown,female,6112.2,Mercury
382,Adi Stratiff,male,5545,Chrysler
383,Katherine Humbert,female,5340.7,Toyota
384,Zorine Lukianov,non-binary,17972.2,Subaru
385,Laney Kirrens,non-binary,14367.5,Dodge
386,Florida Gingold,male,13139.5,Chevrolet
387,Ambrosius Bradfield,female,4594.9,Mercedes-Benz
388,Irena Gilpillan,female,9059.4,Acura
389,Chaim Shyram,male,10745.1,Volkswagen
390,Selestina Tortoise,female,9483.7,Mercedes-Benz
391,Rosetta MacTrustrie,male,13616.8,Volkswagen
392,Roda Fydo,male,5930.5,Jeep
393,Nathan Teese,male,14177.7,Ford
394,Ferdy Crier,female,14513.8,Volvo
395,Reilly Readett,female,469.5,Toyota
396,Whitney Darwood,female,11211.5,Maybach
397,Chloe Wilstead,male,18437,Chevrolet
398,Cullen Stubbert,male,2813.2,Audi
399,Pavla Selburn,female,10515.7,Chevrolet
400,Jamie Cersey,female,2435.6,Pontiac
401,Darice By,male,6303.8,Chrysler
402,Gwenny Vedishchev,male,5157.9,Mercedes-Benz
403,Clare Sweed,male,15377.6,Toyota
404,Costa Yeats,male,2299.7,Chrysler
405,Andromache Benton,male,12195.1,Land Rover
406,Ulises Gallally,female,2825.8,Subaru
407,Marrilee Else,male,1354.4,Chevrolet
408,Sissie Ritmeyer,female,17328.8,Toyota
409,Tim Kastel,non-binary,17697.6,Nissan
410,Myriam Atkins,female,14585.2,Acura
411,Wilden Dunbar,male,9874.3,Ford
412,Liam Bouskill,female,12169.7,Toyota
413,Patricio Stinson,female,11746.7,Chevrolet
414,Ramon Ayliff,male,279.7,Dodge
415,Kara-lynn Georgot,female,12572.6,Volvo
416,Fabian Candey,male,2081.9,Cadillac
417,Adolph McAteer,female,10207.4,Toyota
418,Liane Harnott,male,4536.7,Isuzu
419,Odelle Chaman,female,659.8,Infiniti
420,Creighton Furminger,female,5869.3,Ford
421,Teressa Clapston,male,5164.3,Ford
422,Janetta Paff,male,15775.5,Nissan
423,Dana Praill,female,14579.7,Dodge
424,Jorey Bareham,male,11033.2,Saturn
425,Diann Lecount,male,17565.6,Kia
426,Claire Jeves,female,16233.7,Lotus
427,Fonz Gillies,female,5287.5,GMC
428,Sue Flewitt,male,19871.2,Hyundai
429,Nappie Habron,female,2014.8,Buick
430,Kinnie Coon,non-binary,14212.1,Hummer
431,Hollis Blanpein,male,15854.7,Mazda
432,Catharine Quickenden,female,10527.8,Volkswagen
433,Rosy Salazar,female,4005.4,Lexus
434,Arley Leyzell,non-binary,19698.5,Suzuki
435,Enrica Kiera,non-binary,9654.5,Hyundai
436,Billy Jensen,female,14666.5,Acura
437,Avrit Hurrion,female,7897,Ford
438,Colas Jiroutek,male,16402.9,Ford
439,Stuart Cavaney,female,16256,Lexus
440,Holmes Ilyukhov,male,18077.4,Lincoln
441,Jayson Rennox,female,17391.3,Dodge
442,Annaliese Legg,male,18969.8,Mazda
443,Carlie Scammonden,female,1969.7,Mercedes-Benz
444,Gretel Hellikes,non-binary,19084.8,Mitsubishi
445,Desiri Fominov,male,3012,Volkswagen
446,Mariquilla Giraldon,male,3313.8,Citroën
447,Millicent Mothersdale,male,18330.4,Lexus
448,Ferguson Fulkes,non-binary,18424.9,Plymouth
449,Gunther Bloxholm,female,15084.3,Pontiac
450,Antoinette Cozens,female,17344.8,Ford
451,Gertruda Sames,female,11158.3,Chrysler
452,Ronny Schroeder,female,5272.3,BMW
453,Jorie Lorand,female,10543.4,Infiniti
454,Sauncho Bruckenthal,female,5921.4,Mercedes-Benz
455,Audrie Blagden,male,9398.7,Mercedes-Benz
456,Hayes Preon,male,18732.1,BMW
457,Hashim Willes,male,13490.8,Porsche
458,Courtnay Copsey,non-binary,7558.2,Volvo
459,Mitchel Winkworth,female,3543.3,Volkswagen
460,Zara Matejka,male,17464.7,GMC
461,Enrica Nassey,male,18623.6,Chevrolet
462,Evie Gabe,male,7267.1,Hyundai
463,Hildegarde Greenacre,female,11066.8,GMC
464,Kimbell Linner,male,11973,Oldsmobile
465,Hazel Dregan,male,434.2,Lincoln
466,Joya Edowes,male,13790.5,Lincoln
467,Imogene Kmieciak,male,10085,Ford
468,Lorant Coll,non-binary,19635.9,Mazda
469,Corilla Reis,female,18899.8,Subaru
470,Tedra Le Monnier,female,15447.1,Ford
471,Bay Petworth,non-binary,17448.7,Lamborghini
472,Eadmund Troke,female,10637.6,Honda
473,Florance Sperwell,female,7853.6,Pontiac
474,Floyd Alpin,male,17174.8,Lotus
475,Merle O'Loghlen,male,13741.8,Mitsubishi
476,Edie Cristou,male,11997.7,Suzuki
477,Towny Dorn,male,4303.4,Aston Martin
478,Ali Spohr,male,1466.5,Mercedes-Benz
479,Deni Doale,non-binary,13340.6,Volkswagen
480,Wenda Storrock,female,16597.7,Ford
481,Joseph Desbrow,male,9688,Saab
482,Stefania Chrstine,male,10202.3,Mercury
483,Brice Sibylla,male,8115.2,Dodge
484,Bran Galler,female,19525,Dodge
485,Agna Wing,female,13430.4,Mercedes-Benz
486,Lin Antonellini,male,14629,Pontiac
487,Mariellen Kegan,female,12920.7,Ford
488,Kendricks MacAllister,male,11647.2,Honda
489,Darcee Drynan,female,19100.7,Audi
490,Myrtle Wilshin,male,19691.9,BMW
491,Kenyon Rucklidge,female,15042.4,Volkswagen
492,Magdalena Domel,female,4461,Ford
493,Jacky Hirche,female,13670.5,Ford
494,Almeria Rehor,female,15850.6,Saturn
495,Pavia Cufflin,male,7411.4,Ford
496,Jacintha Maynell,male,2434.9,Ford
497,Daria Niblock,male,7489.3,Oldsmobile
498,Shandie Wilfing,female,12492.5,Acura
499,Jedediah Brookson,female,17961.3,GMC
500,Belia Pinkett,male,18025.6,Toyota
501,Anatole MacNockater,male,18102.1,GMC
502,Erie Ellicott,female,17829.7,Mazda
503,Turner Pitkethly,female,4031.5,Ford
504,Spense Witherby,male,2003.1,Honda
505,Sindee Cochrane,non-binary,2262.7,BMW
506,Nannette Todarello,female,14235.7,Maserati
507,Salem Packwood,non-binary,15821.6,Lexus
508,Cletus Dullaghan,male,7199.3,Mitsubishi
509,Zita Durrett,female,11435.1,Mercedes-Benz
510,Deonne Cruse,male,14327.6,Hummer
511,Jill Lattie,non-binary,16164.7,Cadillac
512,Jeannette Impey,male,8628.2,Toyota
513,Desirae Caveill,male,12881.6,Saturn
514,Debby Stephenson,male,12294.8,Mercedes-Benz
515,Gabbie Izatson,female,15179.9,Jeep
516,Clarita Hakeworth,male,12188.7,Kia
517,Binky Baynton,female,8899.4,Subaru
518,Horatia Brownsett,male,18003.7,Pontiac
519,Eolande Tackley,male,11854.1,BMW
520,Katrinka Keer,male,15009.1,Chevrolet
521,Shannan Skynner,male,10977.6,Mitsubishi
522,Lane Giacopini,male,19229.6,Ford
523,Angelo Trenoweth,male,5474.3,Lamborghini
524,Carmina Ambler,male,2733.9,Lexus
525,Mark Djuricic,female,11139,Ford
526,Nevil Ravenhill,female,13535,Infiniti
527,Karolina Tippett,male,8542.3,Hyundai
528,Ilse Candish,female,6668,Ford
529,Prue Jeanin,male,19170.4,Dodge
530,Galvin Raynes,non-binary,13474.9,Chevrolet
531,Zarla Cordova,male,16815.4,Toyota
532,Wyatt O'Caine,male,9862.7,Volkswagen
533,Granthem Bosward,female,1179.7,Honda
534,Farand Aloshkin,male,15185.6,Ford
535,Yvonne Remer,male,9474.6,Infiniti
536,Nichol Evreux,female,2133.3,Mazda
537,Perkin Gaitung,female,6332.1,MINI
538,Gratia Oswell,male,18213.8,Toyota
539,Halie Parish,female,19905.3,Chevrolet
540,Jaclyn Padbury,female,17541.6,BMW
541,Teddy Caldera,female,13152.7,BMW
542,Harriett Pachmann,female,723.3,Volvo
543,Bridget Sellner,female,19717.4,Hyundai
544,Hall Tollerfield,female,16661,Cadillac
545,Sidonia Burges,female,152.3,Dodge
546,Chrissie Boller,male,11551.8,Dodge
547,Meriel Bixley,male,15049.7,Cadillac
548,Fedora Greystock,female,16294.9,Lexus
549,Tiena Rawll,female,5857.3,Dodge
550,Kippy Fennick,male,11836.2,Dodge
551,Guillemette Crock,female,7793.2,Dodge
552,Charo Poate,female,18584.9,Mercury
553,Kellen Wrigley,female,8666.4,Ford
554,Rose Sollime,female,4480.4,Honda
555,Caryn Hughlin,female,1098.9,Volkswagen
556,Cristian Castagna,male,8792.5,Lotus
557,Dasi Guerrier,non-binary,12571.6,Acura
558,Blaire Asche,female,13307.7,Maserati
559,Tan Leppard,female,3422.9,Ford
560,Jody Measor,female,8338.5,Lincoln
561,Baryram Reaveley,female,11779.7,Volvo
562,Alfie Croisdall,female,17783.5,Volkswagen
563,Byran Cully,non-binary,16929.4,Isuzu
564,Kelsey Medlar,male,17177.5,Jeep
565,Freddy Bresland,female,9960.8,Mercury
566,Herminia Halloway,female,1909.2,Ford
567,Brodie Biaggelli,female,6762,Honda
568,Annie Vondrak,male,11398.9,Chrysler
569,Bevon Dieton,female,18258.4,Mitsubishi
570,Marshall Osmant,female,7427.6,Plymouth
571,Talia Illston,female,14046.3,BMW
572,Riobard Vause,male,1950.6,Ford
573,Nolie Atkinson,male,4699.9,Isuzu
574,Shayna McGuiney,male,11655.2,Suzuki
575,Arther Coombe,female,4676.5,Ford
576,Harri Swatridge,male,7404.1,GMC
577,Remy Blanc,male,9303.7,Chevrolet
578,Carmelia McLeese,non-binary,12117.6,BMW
579,Roxie Raynham,female,16875,Buick
580,Brigid Flavelle,female,15026.8,Buick
581,Richy Roberti,female,18515,Ford
582,Newton Marsie,male,11559.9,Lexus
583,Vladamir Prue,male,7785.2,Chevrolet
584,Gabbie Feldon,female,12796.3,Mercedes-Benz
585,Raoul Guys,female,9474.7,Nissan
586,Hester MacIlhargy,male,17866.3,Mitsubishi
587,Maurita Peealess,non-binary,5025.3,Ford
588,Marthena Huncote,female,7754.7,Mitsubishi
589,Pauly Vidgeon,male,12339.8,Pontiac
590,Nicolais Eagell,female,7590.4,Buick
591,Maje Tarpey,male,18776.5,Jaguar
592,Genovera Lamblot,female,1167.9,BMW
593,Domingo Gullen,male,5142.4,GMC
594,Susanetta Phizaclea,male,19481.5,Mazda
595,Sydelle Mirando,female,2938.9,Dodge
596,Dorice Adney,female,1055.9,Toyota
597,Delaney Pechard,female,2015,Ford
598,Ced Cockney,female,12071,Honda
599,Blakeley Galland,male,9792.3,Saturn
600,Odilia Coneybeer,male,17398.1,Mazda
601,Meg Antczak,male,3415.2,Mazda
602,Keelby Petrichat,male,3522.7,Audi
603,Russ Gollard,male,17026.7,Mitsubishi
604,Josephina Rapin,male,1066.5,Nissan
605,Kerwin Worgen,female,10217.8,Ford
606,Jilli Byk,male,14711.3,Mitsubishi
607,Maiga Wolfart,female,18682.3,GMC
608,Julee Boulde,female,5336.7,Ford
609,Rhea Knuckles,male,8776.4,Volkswagen
610,Scarface Linnitt,female,6649.8,Plymouth
611,Nada Janko,female,3611.1,Mercury
612,Ahmed Forsyde,male,11002,Rolls-Royce
613,Marya Dubbin,female,13300.3,Ram
614,Northrop Pfaff,female,15341.1,Infiniti
615,Fanni Tremblot,female,7901.3,Kia
616,Hyacinthie Hercock,non-binary,19107.4,Dodge
617,Lemmy Clohessy,female,9247.3,GMC
618,Hallsy Bingley,female,6991.9,Buick
619,Odie Bloxam,female,3343.9,Volvo
620,Ian Mistry,female,17054.4,Maserati
621,Luz Jimes,male,4970.4,BMW
622,Pippy Horsewood,male,3609.8,Dodge
623,Afton Grinter,female,10601.2,Ford
624,Billy McBrearty,non-binary,7835.5,Volvo
625,Mahmud Campagne,female,10459.1,Ford
626,Lon Bartoszewski,female,5751.8,Ford
627,Chrysa Dedenham,male,17790.6,Audi
628,Otho Wiffield,male,1801.7,Mazda
629,Maura Wailes,female,3034.8,Audi
630,Wanids Pagnin,non-binary,15297.2,Pontiac
631,Tabor Cars,male,9557.8,Chevrolet
632,Tiphanie Orritt,female,4383.5,Volkswagen
633,Moina Jikovsky,male,18061.8,Honda
634,Garwood Fison,male,15758.6,Cadillac
635,Kerstin McQueen,male,18934.3,Chevrolet
636,Marianne Baszkiewicz,female,3619.3,Ford
637,Rolland De'Ath,non-binary,11727,Chrysler
638,Daphne Coulthurst,male,15018.2,Mitsubishi
639,Lexis Skerrett,female,18492,Mercury
640,Avis Barten,female,14228.1,Lamborghini
641,Toni Le Clercq,non-binary,6328.9,Mazda
642,Cornall Tonkes,male,2627.8,Chevrolet
643,Bird Reeder,female,1878.1,Mercury
644,Ajay Wicher,female,7628.4,Toyota
645,Maurise Glasscoe,non-binary,2130.1,Dodge
646,Esdras Rehorek,male,15427.1,Toyota
647,Gabriello Stacy,female,18700,Ford
648,Felipe Sailor,male,14822.3,Cadillac
649,Cristie Bogue,male,16192.8,Mazda
650,Mary Egre,female,18788.5,Chevrolet
651,Tremain Kellard,male,16213.5,GMC
652,Darleen Lantiff,male,11365.2,Fiat
653,Lynnea Nertney,female,1322.7,Toyota
654,Neysa Blackah,female,11645.5,BMW
655,Laureen Bisacre,female,1634,GMC
656,Redd Reeman,male,6171,Pontiac
657,Trula Schruurs,female,13534.3,Chevrolet
658,Elfie Brunner,non-binary,18869.7,Lincoln
659,Dani Dorney,female,8592.3,Volkswagen
660,Rutter O'Dare,male,4260,Mercedes-Benz
661,Aurelea Bermingham,male,1240.4,Acura
662,Holly Rosenkrantz,male,14431.5,Mercury
663,Astrid Roberti,male,14475.5,Mazda
664,Lissi Senyard,non-binary,9909.8,Hummer
665,Sharlene Heinke,male,18722.2,Nissan
666,Chaddie O'Grada,male,16176.9,Ford
667,Devi Dreelan,female,4980.1,Hyundai
668,Margarette Darlington,male,5470.3,Subaru
669,Petrina Deare,non-binary,14915.5,Dodge
670,Robenia Fenemore,male,7291.5,Porsche
671,Callean McLugish,female,4491.8,Audi
672,Olly Gotfrey,female,18222.4,Lincoln
673,Raffarty Cheltnam,male,13934.4,Chevrolet
674,Rik Castanho,non-binary,7974.2,Infiniti
675,Dorelle Boulder,male,310.7,GMC
676,Caz Crutchfield,male,10767.4,Mazda
677,Chen Eisak,male,4795.1,Dodge
678,Innis Slyford,female,18464.5,GMC
679,Valeda Cockill,non-binary,17496.8,Mercedes-Benz
680,Milka Bartusek,female,4250.9,Chevrolet
681,Bibi Josskoviz,female,13174.1,GMC
682,Astrid Mathey,male,10295.1,Volkswagen
683,Bert Lemmers,female,15354,BMW
684,Elayne Pillinger,male,657.7,Toyota
685,Brandi Voisey,male,1717,Hyundai
686,Ema Brotherton,female,2759.4,Kia
687,Kelbee Goodayle,non-binary,19476.6,Hyundai
688,Jori Planks,male,6296.7,GMC
689,Fernanda Winton,male,18479.2,Suzuki
690,Tamiko Eccleshall,female,13509.6,Mitsubishi
691,Carolann Brosnan,female,17015.9,Ford
692,Viviana Balston,male,19677.3,Lincoln
693,Tiphanie Buckler,female,11022,Acura
694,Alphonse Sidry,male,9840.5,Kia
695,Daisi Mailey,female,11375.4,Ford
696,Letitia Robertshaw,female,8848,Volkswagen
697,Cindelyn Rubinowitch,female,10622.3,Cadillac
698,Rolland Astlett,male,5701.8,Toyota
699,Miran Carass,female,612.2,Toyota
700,Oswald Kimbrough,male,11684.5,BMW
701,Martin Hecks,male,4647.5,Ford
702,Elbert McGrady,female,9257.5,Dodge
703,Josh Geoghegan,male,19238.1,Mazda
704,Roxane Gossage,male,16375.5,Ford
705,Gage Semorad,male,15915.2,GMC
706,Cheri Maplesden,male,19788.6,Chrysler
707,D'arcy Dillinton,male,10043.9,Studebaker
708,Lorne Hurnell,non-binary,17615.6,Suzuki
709,Leesa Callendar,male,16653.2,Chevrolet
710,Josias Currum,female,10641.2,Volkswagen
711,Nicoline Rumgay,female,2552.5,Dodge
712,Harlene Slafford,female,15129.8,Toyota
713,Alecia Livesley,male,18502,Lotus
714,Maryjo Cambridge,female,16451.9,Acura
715,Nonnah Sherer,non-binary,5470,Porsche
716,Hope Pilmore,female,17056.2,Dodge
717,Aretha Kezar,male,4503,Mazda
718,Art Eburne,female,3695.2,Chevrolet
719,Kermie Markushkin,non-binary,18175.3,Ford
720,Darcee Winny,female,11229.1,Acura
721,Jory Muncer,female,629,Bentley
722,Mitzi O' Markey,female,6103.3,Porsche
723,Joey Lacase,male,17219.1,Chrysler
724,Lela Blinman,male,8547,Dodge
725,Hadrian Joire,female,17743.4,Ford
726,Max Rimer,female,4615.3,Lamborghini
727,Alexi Najafian,female,8609.5,Oldsmobile
728,Georgena Camilleri,non-binary,4260.6,Toyota
729,Ingamar Bolstridge,male,13046.4,Saab
730,Edsel Dyte,male,647.4,Cadillac
731,Tana Swindin,male,9833.7,Chevrolet
732,Crystal Guerri,female,10072.7,Audi
733,Philbert Burrus,female,12719.5,Toyota
734,Isaak Bretelle,male,19768.8,Honda
735,Jayson Simondson,male,6881.7,Ford
736,Sib Blaw,male,2605.3,Dodge
737,Jacynth Greensides,female,19201.6,Ford
738,Sharline St. Ledger,female,19350.7,Daewoo
739,Louella Constance,female,11423,Hummer
740,Lenka Adkins,female,5811.8,Mitsubishi
741,Gerrilee Blackey,female,8221.3,Saab
742,Osmond Clapham,male,11602.6,Chevrolet
743,Roosevelt De Lorenzo,female,8199.2,Ferrari
744,Kellen Jewis,male,4643.3,GMC
745,Kev Temporal,male,7492.6,Land Rover
746,Henrieta Armfirld,non-binary,4211,Lotus
747,Danit Aspall,female,16494.9,Hyundai
748,Beatriz Elias,male,18372.3,Toyota
749,Lodovico Lambirth,female,18239.8,Hyundai
750,Elsey Headland,female,18588.8,Daewoo
751,Deni Bottrill,non-binary,8521.1,Chevrolet
752,Yetty Kell,female,3789.1,Oldsmobile
753,Nevins Hail,male,7387.7,Nissan
754,Hedwiga Sallnow,male,17782,Acura
755,Cris Stubbings,female,3674.6,Volkswagen
756,Wilma Alabastar,male,5357.1,Infiniti
757,Lilas Phillp,male,13378.7,Subaru
758,Maible Ganley,female,11413.8,Chrysler
759,Roz Brizell,female,11796.1,Pontiac
760,Alejoa Jillins,male,9117.8,Ferrari
761,Rancell Rallinshaw,male,7439.9,Lincoln
762,Rozanne McPeake,non-binary,7599.6,Chevrolet
763,Merralee Stellin,female,3800.4,Volkswagen
764,Brietta Hargerie,female,12771.4,Ford
765,York Spirit,female,17759,Mazda
766,Bee Mintrim,male,14742,Oldsmobile
767,Delmore Piesing,female,18222.9,Infiniti
768,Kerstin Linay,non-binary,8750.5,Infiniti
769,Marcela Baldacchi,female,14358.5,Mercedes-Benz
770,Aida Butland,male,6629.3,BMW
771,Fancy Jekyll,male,18182.3,Ford
772,Barry Lavrick,male,9207.7,Chrysler
773,Sancho Cornelis,female,11632.4,Chevrolet
774,Charyl Keaysell,female,7648,Maybach
775,Andre MacDunlevy,female,11034.9,Mazda
776,Gearalt Burdekin,non-binary,6429.7,Chevrolet
777,Emili Caseborne,male,2515.7,Mazda
778,Evie Andreix,male,7416,Chrysler
779,Damien Crawford,female,7286.3,Nissan
780,Dur Kabsch,female,18607.7,Audi
781,Cammy Woolhouse,female,17330.3,Mercedes-Benz
782,Willard Rodell,non-binary,6925.7,Lexus
783,Rebecca Ommundsen,non-binary,8459.6,Acura
784,Karin Brisard,female,14837.5,Honda
785,Bartholomeus Banat,female,12147.9,GMC
786,Bond Gamil,non-binary,14642.8,Mazda
787,Leonanie Sent,non-binary,5717,Pontiac
788,Alfy Dominelli,male,5332.8,Chevrolet
789,Bob Sagg,female,5483.5,Honda
790,Giulietta Paulley,female,11708.8,Volkswagen
791,Erhard Roseaman,male,2424.2,Mitsubishi
792,Addison Renzo,male,9428.2,Infiniti
793,Barbara Lisciandri,female,19324.6,Porsche
794,Gussie Jilliss,male,6940.5,Mitsubishi
795,Tuesday Shotter,male,11578.8,Lexus
796,Adlai Pywell,male,7566.8,Volkswagen
797,Brien Edgerton,female,539.8,Mercedes-Benz
798,Zoe Qualtro,male,15887.7,Lincoln
799,Ardelia Headingham,male,8213.4,Acura
800,Vonnie Hastelow,male,19672.6,Suzuki
801,Huntlee Van der Brugge,male,17845.1,Toyota
802,Donna Swatten,non-binary,5161.5,Toyota
803,Dewain Nutten,female,9077.8,Nissan
804,Aimil Strutley,non-binary,17397.3,Chevrolet
805,Jody Woodnutt,female,6722.7,Pontiac
806,Leigha Cesconi,male,3407.2,Lamborghini
807,Minerva Langley,female,2388.5,Mercury
808,Christie Tytcomb,female,19431.6,Subaru
809,Pepe Okroy,male,6247.4,Chevrolet
810,Thorpe Rykert,male,15246.2,Bentley
811,Hally Plom,female,1975.8,Daewoo
812,Janessa Arthy,male,9193.8,Mazda
813,Amabelle Pawelec,male,5216,Audi
814,Dore Corneck,male,9996.3,Mazda
815,Wendye MacArdle,male,1913.3,Oldsmobile
816,Marnie Roswarne,non-binary,3453.8,Subaru
817,Cherianne Skey,female,7722.4,Chrysler
818,Sydel Coey,female,19576.3,BMW
819,Dino Grove,female,15997.5,Suzuki
820,Tabbitha Merritt,male,15160.1,Lincoln
821,Lynnett Orriss,male,9682.1,BMW
822,Klarrisa Blowfield,female,19798.3,Ford
823,Leigh Quade,male,14752.7,Infiniti
824,Jud Heffron,female,937.4,Volvo
825,Jammal Tanser,female,7499.9,Suzuki
826,Layton Dakhno,female,2345.6,Infiniti
827,Cathryn Suttaby,male,396.4,Volkswagen
828,Elspeth Harridge,male,18151.4,Subaru
829,Powell Gaspar,female,7162.6,Ford
830,Patrica Tallant,male,17242.9,Chevrolet
831,Edsel Stainer,female,9052,Nissan
832,Meghann Shord,female,1090.2,Buick
833,Kristyn Shewon,male,11906.1,Acura
834,Nicko Ligertwood,female,17035.7,Ford
835,Kristien Olivo,female,16947.3,Dodge
836,Marleen Giovannoni,non-binary,4984.1,Mazda
837,Arie Moyser,male,8746.3,Lamborghini
838,Tedi Mennear,non-binary,932.5,Chevrolet
839,Conrado Godilington,male,6802.2,Volkswagen
840,Coreen Strass,male,17399,Oldsmobile
841,Shane Dounbare,male,9491.9,Pontiac
842,Adina Pavlata,male,963.8,Subaru
843,Dennis Thomel,non-binary,3289,Pontiac
844,Steven Pashen,male,4732.8,Toyota
845,Salem Kerrod,male,15361.1,Ford
846,Uta Clynmans,male,9462.1,Infiniti
847,Devan De Witt,male,5437.4,Chevrolet
848,Eadmund Hallowes,female,5909.7,Honda
849,Flemming Baudinelli,male,4446.5,Pontiac
850,Patty Danihelka,female,7343.2,BMW
851,Neel Winward,female,4468.9,Ford
852,Margaretha Geelan,female,16147.3,Volkswagen
853,Gwyneth Pilgram,male,1813.6,Nissan
854,Jane Elms,female,11034.9,Honda
855,Maje Gooding,male,14634.8,Saturn
856,Aubert Veltman,female,5974.7,Volkswagen
857,Cecily Watchorn,male,19740.3,Buick
858,Danny Barten,female,5177.6,Mitsubishi
859,Harmonie Gorry,male,2064.7,Nissan
860,Phedra Berka,female,11105.7,BMW
861,Addison Papachristophorou,male,12952.6,Honda
862,Stefan Marzelle,female,12424.9,Mercury
863,Moore Graeser,male,5572,Buick
864,Paula Cockshot,male,6052.1,Toyota
865,Prentiss Lowis,male,19793,BMW
866,Peggy Matuszinski,female,9481.5,Hyundai
867,Berta Teare,non-binary,14018.7,Lexus
868,Willdon Ennew,male,709.1,Infiniti
869,Janella Gage,male,262.7,Geo
870,Linn Ilson,male,13743.5,BMW
871,Corrie Kelby,male,7544.4,Lexus
872,Hollis Capitano,male,16126.5,Lincoln
873,Orion Juza,male,1806.9,Chevrolet
874,Susanna Gaunson,male,15555.6,Nissan
875,Dinny Elliker,female,3708.1,Toyota
876,James Dewdney,female,5133.1,Mazda
877,Yancey Shitliffe,female,6387.2,Mercedes-Benz
878,Arlen Skiplorne,female,781.7,Volkswagen
879,Hershel Roskams,female,17228,Pontiac
880,Wes Brash,male,2415,Mercedes-Benz
881,Arabelle Razzell,male,9123.7,Mitsubishi
882,Adriaens Jurewicz,male,6261.9,Audi
883,Sharyl Linfitt,male,1230.9,Porsche
884,Alexandra Menicomb,male,15088.6,Suzuki
885,Cherlyn Akett,male,11506.5,Hummer
886,Justin Ludford,male,6471.3,Jaguar
887,Matthaeus Caston,female,12363.9,Dodge
888,Tedie Allain,male,9337.1,Chevrolet
889,Peria Delph,female,13125.3,Buick
890,Ashlee Gartland,non-binary,5298.1,Jaguar
891,Abdel Kann,female,3834.8,Volkswagen
892,Taddeusz Jewsbury,male,2405.5,Maserati
893,Alanah Wadesworth,female,18460.1,Hyundai
894,Alleyn Bullon,female,1558.5,Mazda
895,Mollee Wolver,male,2845.1,Mitsubishi
896,Ave Afield,male,5281.9,Chrysler
897,Hersch Pepper,female,12599.9,Nissan
898,Brigitta Vasse,female,19660.5,Mercedes-Benz
899,Corly Ary,male,3175.5,Mercedes-Benz
900,Elka Spellsworth,non-binary,9866.5,Lexus
901,Brynna Longbone,male,4031,Ford
902,Kalindi Furlow,male,10112.6,Cadillac
903,Nefen Heakey,female,12389.1,Jeep
904,Banky Polkinghorne,female,14745.3,Mitsubishi
905,Jeannie Louch,non-binary,8113.2,Maserati
906,Lind Janny,non-binary,9172.4,Ford
907,Frasier Cotes,male,4358.9,Volvo
908,Davida Cross,female,10434.4,Chevrolet
909,Miguel Gipson,female,817.2,Volkswagen
910,Bowie Waterworth,female,3627.5,Ford
911,Addie Hulk,female,14756.7,Land Rover
912,Roshelle MacBain,male,15910.1,Pontiac
913,Tara Westgarth,female,12847.7,Dodge
914,Betsy Greyes,male,4266,Lexus
915,Jens Smiley,male,14934.9,Toyota
916,Guendolen Avrasin,male,15207.1,Plymouth
917,Odele Hegdonne,female,3279.9,Acura
918,Kaycee Barks,male,11787.2,Geo
919,Stephana Loyndon,male,3039.5,GMC
920,Siana Geater,female,8761.7,Mazda
921,Corenda Morfey,male,5564.7,Lexus
922,Astrix Lowensohn,female,12783.9,Buick
923,Kerianne Carthy,male,19586.5,Chevrolet
924,Ailis Bruckshaw,non-binary,10725.4,Jeep
925,Donetta Delea,female,13342.8,Suzuki
926,Benedick Duddin,male,9877.8,Nissan
927,Genni Fellenor,male,2921.2,Lamborghini
928,Costa Grenshiels,female,18420,Oldsmobile
929,Ax Billion,male,816.9,Hummer
930,Tani Treadaway,female,5436.3,Lamborghini
931,Romain Melburg,male,13948,Mitsubishi
932,Kelley Germain,female,19559.9,Buick
933,Arnold Hawkin,female,2232.6,Audi
934,Aidan Cuel,female,2489.7,Mazda
935,Caressa Ryrie,female,13407.9,Chevrolet
936,Virge Kittman,female,10084.5,GMC
937,Nev Bloor,non-binary,5334,Infiniti
938,Aldwin Stedman,female,17729.7,Ford
939,Birch Pinks,female,12052.1,Buick
940,Jeanine Roskam,female,16957.9,Chevrolet
941,Aube Lesaunier,male,1068.5,Chrysler
942,Joela Gaynor,non-binary,15240.1,Honda
943,Faun Kiefer,female,10901,BMW
944,Bernette Pennacci,male,8437.8,Hummer
945,Linea Artz,male,173,Chevrolet
946,Jessika Labbey,male,1212.9,Dodge
947,Jamesy Rodliff,female,2931.1,GMC
948,Humberto Oates,female,6911,Hyundai
949,Kamilah Wakes,female,5398.3,Volkswagen
950,Irvin Linggood,male,15970.4,Maserati
951,Poul Carlaw,male,3682.2,Maserati
952,Glynn Benck,female,11230.3,GMC
953,Robyn Terney,female,794,Infiniti
954,Vittoria Mayou,male,17191.1,Geo
955,Edik Pickance,female,3966.5,Dodge
956,Shoshanna Strickett,male,1239.6,Pontiac
957,Jacinthe Schankelborg,non-binary,7249.1,Peugeot
958,Hildagarde Winks,male,17165.6,BMW
959,Alric Pegler,female,19348.9,Aston Martin
960,Harbert Dafforne,female,4589.7,Chrysler
961,Rosabelle Stepney,female,13945.6,Mercedes-Benz
962,Magnum Spencelayh,male,14613.6,Bentley
963,Guillemette Huband,female,11116.1,Kia
964,Rance Nockolds,male,7656,Infiniti
965,Lucias Studdert,female,12938,Dodge
966,Thomasin Andree,female,8223.2,Audi
967,Opaline Road,female,3315.3,Mitsubishi
968,Dewitt Kiddey,male,5734.6,Chevrolet
969,Marlie Lowry,female,10921.5,BMW
970,Morie Trevallion,female,3115.4,GMC
971,Damiano Hebborne,female,8748,Chevrolet
972,Porty Cowdry,non-binary,18379.8,Mercury
973,Maurizio Wignall,male,2518,Pontiac
974,Clare Cawker,male,12517.4,Chrysler
975,Patric Storah,male,11797.4,Mercedes-Benz
976,Fitz Bengtsen,male,2110.5,Lincoln
977,Talia Bartleman,female,9889.2,Austin
978,Alexander Jaquet,female,10508.1,Nissan
979,Gwendolen Lesslie,male,12722.1,Dodge
980,Jorey Gresham,male,16638.8,Mercedes-Benz
981,Vallie Qualtro,female,6214.6,Dodge
982,Felicity Marney,non-binary,11023.5,Geo
983,Vinni Yarrow,male,5501.4,Buick
984,Chere Elcombe,male,1628.4,Acura
985,Regan Ladewig,male,7347.4,Spyker
986,Birgitta Dumblton,non-binary,14769.3,GMC
987,Hulda Huge,male,12128.7,Saturn
988,Kinny Pigram,non-binary,17689.5,Nissan
989,Michail Sweedy,male,8475.5,Mitsubishi
990,Sande MacKeller,male,17746,Mitsubishi
991,Andy Crang,male,14527.4,Audi
992,Dew Coils,female,13405.6,Honda
993,Emmery Ovenell,female,9714.3,Nissan
994,Fifi Momery,male,9915.7,Infiniti
995,Shepperd Oakhill,male,7306.2,Mercedes-Benz
996,Almire Stickins,male,9795,Infiniti
997,Taite Pocknell,female,19485.4,BMW
998,Roselin Bartlomiejczyk,female,19330.8,Mazda
999,Amandi Wenban,female,16113.7,Lincoln
1000,Meta Abramovici,male,7637.8,Plymouth